ciudad,precio_arriendo_cop,area_m2,habitaciones,banos,estrato,edad_inquilino
Pereira,1611662,112.9,4,1,4,27
Barranquilla,1389038,29.9,2,2,3,28
Manizales,1302411,65.1,2,1,5,28
Cartagena,1593076,69.4,3,1,5,32
Pereira,1866189,81.7,2,1,2,38
Cúcuta,1605748,62.0,3,2,1,25
Cali,463650,66.2,2,2,4,34
Pereira,688169,52.2,2,1,4,38
Manizales,950072,65.4,1,2,6,28
Cartagena,1210436,53.1,2,3,5,35
Barranquilla,1407063,72.4,3,1,3,36
Manizales,909702,52.6,3,2,3,37
Manizales,1274706,67.5,1,1,1,35
Cali,897846,59.4,1,3,2,35
Bucaramanga,955392,82.5,3,2,3,28
Cartagena,637335,59.0,3,3,3,25
Medellín,830706,24.5,1,2,3,27
Manizales,659326,85.2,2,1,4,29
Bucaramanga,809650,41.9,2,3,2,30
Medellín,1621456,46.9,3,1,3,33
Cartagena,820240,48.1,1,1,1,33
Bogotá,2252952,87.5,1,2,3,33
Cúcuta,1397327,20.0,3,2,4,35
Bucaramanga,1273934,122.8,1,3,4,25
Santa Marta,856656,81.1,2,1,6,36
Bogotá,1480123,64.5,2,2,2,33
Cúcuta,969744,58.9,2,2,3,37
Cali,1248803,65.7,2,1,3,32
Pereira,2224033,70.4,2,1,3,26
Barranquilla,1161576,72.9,1,1,5,37
Santa Marta,1659709,71.1,2,1,4,35
Cali,918729,61.8,3,3,5,25
Cartagena,1186004,56.1,3,2,2,25
Cali,1908320,57.0,1,2,5,36
Pereira,949213,56.1,1,3,1,30
Cartagena,1924979,82.7,2,1,5,33
Santa Marta,1483100,71.9,2,2,3,31
Pereira,975013,20.0,2,1,3,29
Medellín,1452963,73.1,3,2,3,35
Barranquilla,1589021,63.9,1,1,5,26
Santa Marta,1448723,59.6,1,3,1,25
Medellín,571910,52.2,2,1,3,26
Cúcuta,909145,82.5,3,1,5,25
Santa Marta,1100992,79.0,1,2,3,27
Cúcuta,1170226,44.5,2,1,2,30
Cartagena,1448268,68.1,2,2,3,37
Medellín,1271080,40.6,3,1,3,32
Barranquilla,665862,32.4,3,2,5,27
Pereira,1352079,47.5,2,1,4,34
Manizales,1444234,77.2,1,1,3,33
Cali,1423916,79.1,2,1,6,34
Bogotá,1632312,70.3,1,1,3,29
Barranquilla,1533568,74.5,3,1,1,31
Medellín,1383672,70.3,3,1,2,32
Manizales,1171933,47.2,3,1,3,27
Barranquilla,535615,68.6,3,1,2,26
Medellín,1371847,76.0,2,2,5,26
Bucaramanga,1283075,75.1,1,2,4,29
Bucaramanga,1308631,83.8,3,1,2,25
Cúcuta,689300,74.2,2,2,3,26
Barranquilla,767577,67.0,3,2,4,37
Bucaramanga,1621261,81.4,2,1,5,33
Medellín,1184177,59.5,1,2,5,31
Cúcuta,1472600,42.4,4,1,3,30
Medellín,1211327,56.7,1,2,4,33
Cúcuta,1211902,45.1,4,1,3,31
Barranquilla,1575313,46.5,4,2,3,38
Manizales,993582,57.1,3,2,2,35
Pereira,1238448,44.2,3,1,2,29
Santa Marta,1015089,53.8,2,1,3,33
Manizales,1026201,22.1,3,3,2,30
Cartagena,1076331,64.3,2,1,1,30
Medellín,1288853,60.0,2,2,4,35
Cartagena,1008500,43.7,2,3,1,28
Manizales,1702302,73.2,2,2,3,37
Cúcuta,842157,78.8,2,2,3,36
Santa Marta,1125251,27.8,2,2,6,25
Santa Marta,1024107,44.7,2,2,3,29
Bogotá,1778791,44.6,3,1,1,35
Santa Marta,1278621,41.2,1,1,3,33
Pereira,1612737,76.6,3,1,4,37
Santa Marta,605775,56.1,3,3,6,32
Manizales,1306820,54.7,3,2,3,32
Bogotá,1555852,20.0,2,1,3,29
Manizales,1232913,72.7,3,2,5,36
Manizales,1626192,35.2,1,1,2,33
Cali,993084,61.2,3,1,3,27
Bogotá,1763738,65.5,1,2,3,27
Manizales,2119559,87.2,3,1,1,25
Cali,1054864,33.8,4,2,3,33
Cali,1021798,20.0,2,1,2,30
Bogotá,1781353,63.7,1,2,4,26
Cartagena,1831828,96.0,3,2,5,32
Cúcuta,990855,84.8,2,1,2,36
Pereira,1031925,64.2,3,3,4,33
Cúcuta,1087286,50.2,1,2,1,33
Santa Marta,662219,76.1,1,1,3,26
Pereira,832539,40.5,4,1,1,26
Santa Marta,798343,69.5,3,2,5,37
Manizales,892880,70.1,3,1,4,31
Medellín,1186126,81.2,2,1,4,35
Bogotá,1293685,115.2,3,1,4,28
Pereira,1820200,67.8,2,1,3,37
Pereira,800658,49.8,2,2,6,25
Manizales,1593728,59.5,3,1,4,32
Cartagena,1114404,24.6,2,1,5,26
Cali,1180214,46.1,2,1,3,38
Manizales,1469927,51.8,2,1,2,27
Bucaramanga,750911,49.5,3,3,3,29
Cali,1352963,63.0,1,1,2,38
Bogotá,1266580,43.6,3,3,3,27
Cali,1396980,82.4,1,1,3,31
Cartagena,1315667,60.0,2,1,3,31
Cali,2182120,59.8,3,2,1,38
Bogotá,944904,53.4,1,1,2,26
Cartagena,987601,63.1,1,2,3,37
Cúcuta,950743,76.5,1,3,6,37
Pereira,977809,42.7,2,1,3,31
Pereira,945045,46.8,3,1,3,35
Santa Marta,1675606,53.9,1,2,4,30
Cúcuta,1768201,33.1,3,1,3,34
Cúcuta,971701,43.6,2,1,2,33
Cali,867057,50.5,2,1,3,37
Pereira,1388566,77.5,3,1,2,33
Bogotá,979110,65.3,2,2,6,26
Barranquilla,1453172,63.9,2,1,2,31
Barranquilla,1281169,77.0,1,1,3,29
Cartagena,593702,57.3,1,2,1,37
Pereira,1819002,67.8,2,1,2,30
Pereira,1918351,57.9,1,1,4,25
Barranquilla,954884,65.3,2,2,2,31
Pereira,1044919,48.3,2,1,1,30
Cali,1314346,20.0,2,2,3,28
Bucaramanga,1333782,57.3,1,2,1,25
Medellín,1463417,88.5,2,1,1,33
Cúcuta,2004081,78.5,3,2,4,28
Santa Marta,1129221,79.3,4,1,4,26
Cartagena,880681,84.7,1,1,5,32
Bucaramanga,648272,61.8,3,2,5,26
Barranquilla,907627,63.9,2,2,4,29
Cúcuta,1186749,47.6,2,1,1,35
Pereira,1917823,53.7,2,2,4,30
Santa Marta,992955,72.3,1,3,4,35
Pereira,1289515,84.1,1,3,4,37
Bogotá,1193430,57.2,2,2,3,32
Bogotá,1675357,51.0,2,1,2,35
Santa Marta,2210772,60.0,3,1,4,25
Santa Marta,987652,72.0,2,3,4,25
Barranquilla,1004224,31.1,1,1,6,36
Santa Marta,1617664,20.0,3,2,2,28
Cali,1472756,49.0,2,1,2,29
Pereira,1938682,35.6,2,1,2,37
Bucaramanga,1433571,49.8,3,1,4,37
Manizales,1056283,57.0,3,3,2,33
Santa Marta,1436261,50.9,3,1,1,35
Cartagena,1643481,89.0,3,2,6,38
Bogotá,1528192,66.5,3,1,1,31
Cali,1402909,66.0,3,1,4,31
Cúcuta,1626669,72.4,2,1,3,32
Manizales,1667718,37.2,1,2,4,29
Bucaramanga,1752863,80.8,2,1,3,29
Manizales,1459483,58.5,1,1,5,25
Santa Marta,1133152,73.4,3,1,5,38
Barranquilla,1258685,38.6,2,1,1,33
Bogotá,1682603,28.9,2,3,1,30
Bogotá,873225,76.4,1,3,2,33
Cúcuta,1347469,67.5,3,1,4,27
Barranquilla,1042664,42.0,2,2,5,29
Pereira,1211497,42.6,3,3,3,26
Medellín,1711380,82.5,2,1,3,34
Cali,1276439,36.2,2,2,2,29
Bogotá,1218574,92.9,1,3,4,37
Cartagena,656057,42.0,1,1,6,37
Bogotá,1498501,72.8,3,1,2,37
Manizales,1458193,53.4,3,3,3,38
Bogotá,2065301,72.1,2,2,1,32
Bogotá,1076888,49.1,1,1,3,35
Medellín,1287660,56.7,2,1,3,26
Medellín,1299753,60.8,3,1,2,32
Bucaramanga,1830981,40.0,3,2,3,28
Pereira,1161881,74.8,1,2,3,34
Cartagena,1311608,49.7,1,3,3,34
Bogotá,1443158,55.4,3,1,3,25
Bogotá,1274643,40.1,2,2,1,37
Cali,1021426,20.0,2,2,4,29
Medellín,1277635,56.2,1,1,4,37
Cartagena,1629452,108.3,2,1,3,25
Cúcuta,789393,75.7,3,3,1,31
Bucaramanga,1253187,59.6,4,2,4,32
Pereira,919951,54.7,2,1,6,27
Barranquilla,1678018,60.4,2,2,2,27
Pereira,590725,70.9,1,1,3,31
Manizales,976431,36.4,2,2,2,28
Bogotá,1350884,82.3,2,2,3,27
Bucaramanga,1826209,74.3,2,2,2,32
Manizales,1173699,74.4,2,3,3,27
Cartagena,977920,68.8,1,2,4,37
Barranquilla,1952462,60.4,1,1,3,38
Medellín,620794,73.5,2,2,3,31
Bucaramanga,320477,71.8,1,1,3,26
Bucaramanga,1376005,52.9,1,1,3,35
Bogotá,999178,48.5,4,1,1,35
Santa Marta,791506,62.0,2,1,1,25
Bucaramanga,1483342,91.0,2,2,5,36
Cali,1297520,35.2,3,1,1,30
Barranquilla,974368,30.6,4,2,4,32
Barranquilla,687878,63.3,2,2,5,25
Cali,1548982,61.0,3,1,2,37
Cúcuta,1460080,63.5,2,2,3,34
Cali,1160329,64.9,2,1,3,36
Cali,1938654,55.5,2,1,5,33
Barranquilla,771966,89.8,3,2,5,27
Pereira,589789,28.0,3,1,4,27
Barranquilla,923236,43.4,2,1,1,28
Santa Marta,1181765,57.9,1,2,4,35
Bogotá,1297335,27.1,2,2,3,25
Manizales,1103505,56.5,1,1,3,33
Pereira,1340822,93.2,2,3,1,35
Medellín,699384,60.4,3,2,2,27
Manizales,1777505,64.6,3,2,4,37
Bogotá,1167139,34.8,3,1,3,34
Santa Marta,1646918,47.7,3,2,3,28
Santa Marta,1337090,52.5,2,2,3,25
Medellín,1382701,53.6,3,2,5,28
Pereira,1427906,85.6,2,2,4,37
Cúcuta,1379083,71.2,1,1,2,25
Cali,1457089,37.8,1,1,2,29
Pereira,1731661,64.9,2,1,2,29
Cúcuta,1278608,70.0,2,1,5,38
Santa Marta,1483601,82.8,2,2,3,35
Barranquilla,1164105,91.6,3,1,3,31
Bogotá,1776046,39.7,1,3,3,38
Medellín,929443,43.8,1,3,3,32
Bogotá,1920376,34.8,4,1,4,28
Cartagena,1183936,55.3,1,1,3,31
Cartagena,627689,69.3,2,2,2,28
Pereira,1251241,79.7,2,3,2,27
Santa Marta,927579,58.5,2,1,3,30
Santa Marta,1536257,53.6,1,1,5,28
Cali,938950,63.0,1,2,3,38
Cali,1021526,43.3,1,2,5,27
Cali,444183,101.8,2,1,4,33
Barranquilla,1019077,27.8,2,2,2,29
Manizales,300000,63.7,1,1,1,37
Bucaramanga,566438,100.5,2,1,2,38
Manizales,1504165,60.1,3,1,4,31
Bogotá,1514320,56.2,1,1,2,36
Manizales,1370183,52.9,2,1,3,38
Barranquilla,813209,56.4,3,1,3,30
Bogotá,1180915,87.5,2,1,4,34
Manizales,1198558,20.0,2,1,2,29
Barranquilla,736654,90.7,2,1,3,31
Bucaramanga,1801359,31.5,3,3,3,35
Manizales,1550944,54.7,3,1,3,30
Barranquilla,1111614,51.4,2,1,4,34
Cali,1210754,71.8,3,2,2,26
Santa Marta,1283353,28.0,2,3,4,37
Cali,383306,69.2,2,1,4,37
Santa Marta,1101129,100.5,2,2,3,37
Medellín,927206,32.7,1,2,4,27
Medellín,799351,63.8,3,2,3,26
Medellín,1087559,46.8,2,1,2,36
Bucaramanga,1919074,68.5,2,2,4,27
Cali,1456337,60.4,3,1,3,25
Santa Marta,971528,47.2,1,2,3,32
Barranquilla,1429033,69.8,2,2,3,30
Bogotá,1759742,96.1,1,1,5,37
Barranquilla,1569853,56.2,3,2,3,26
Bogotá,1223852,74.4,3,1,1,32
Cartagena,941225,34.1,2,2,3,30
Barranquilla,1479289,40.9,3,1,4,31
Manizales,1357394,69.4,2,1,4,35
Manizales,1558077,89.7,3,1,3,25
Pereira,1454068,67.1,2,3,5,31
Cali,1619821,53.7,2,1,2,27
Bogotá,985905,60.0,3,1,3,35
Bogotá,1726957,35.0,2,1,5,36
Cali,1279039,72.1,1,2,5,32
Bucaramanga,2030104,77.6,2,2,4,30
Pereira,924324,51.0,4,1,5,28
Bucaramanga,1894385,50.6,2,1,1,35
Bucaramanga,1279164,65.3,1,1,5,32
Bucaramanga,939432,51.3,2,1,3,33
Cali,1006445,58.7,2,1,2,34
Bucaramanga,1071861,102.0,1,2,2,26
Manizales,1369666,55.1,3,1,3,30
Medellín,1409134,52.8,4,1,2,29
Cartagena,970519,47.0,2,1,3,29
Bogotá,1190258,74.9,2,3,2,34
Bogotá,2056908,56.4,2,3,2,35
Cartagena,1891017,47.0,1,2,3,27
Cali,1374529,86.4,3,1,3,36
Barranquilla,1215201,88.4,2,1,3,32
Cali,1248012,48.0,2,1,4,38
Bogotá,1445407,22.7,3,1,5,32
Bogotá,790882,80.2,2,2,4,36
Cartagena,1097049,46.3,2,2,3,29
Bucaramanga,532566,75.8,1,2,4,32
Cali,1359689,20.6,3,2,2,34
Santa Marta,1458878,77.9,3,1,2,32
Cartagena,1006725,35.8,2,2,3,27
Manizales,1829594,74.6,4,1,4,26
Bogotá,709693,60.3,1,1,2,33
Cartagena,614250,40.9,2,2,1,26
Cali,1289780,51.9,2,1,2,33
Bogotá,1618839,73.7,2,1,5,28
Barranquilla,1873571,62.1,2,1,3,36
Cartagena,1016446,71.7,2,2,2,37
Pereira,1631472,99.5,1,2,3,26
Bogotá,1184596,28.7,2,1,3,34
Cali,1130949,92.3,1,2,4,25
Medellín,1553463,62.1,3,1,2,28
Santa Marta,1460929,42.0,1,1,5,33
Cúcuta,569443,33.4,1,2,3,36
Bucaramanga,1790616,56.2,2,2,4,33
Cúcuta,1752036,78.4,2,3,1,28
Cali,949774,57.4,3,1,3,33
Manizales,1358321,90.2,2,2,3,36
Manizales,1397612,31.0,2,2,3,30
Medellín,1304269,59.8,3,3,1,25
Bucaramanga,979877,35.0,2,1,4,34
Pereira,931350,67.3,1,2,2,37
Medellín,1189778,77.7,2,2,4,38
Cúcuta,1669091,51.6,3,1,4,30
Medellín,1417440,20.0,2,1,3,33
Cúcuta,1051754,64.0,2,1,4,37
Bogotá,1508679,68.7,1,2,4,26
Manizales,300000,68.1,1,2,3,30
Bogotá,1659506,84.7,2,2,4,26
Santa Marta,504114,38.6,2,2,2,28
Bucaramanga,1055023,73.6,1,2,3,32
Pereira,752132,83.9,3,1,4,37
Cúcuta,682127,24.4,3,1,3,31
Pereira,1664330,66.4,2,1,3,35
Cúcuta,1012919,49.9,3,1,3,36
Cali,1338601,58.4,1,1,4,37
Medellín,1181231,67.0,2,2,5,33
Santa Marta,1390816,50.3,2,1,3,31
Manizales,1230728,46.5,3,1,4,25
Cúcuta,686803,60.7,3,1,5,26
Pereira,1598506,38.3,2,1,1,30
Santa Marta,1002497,38.3,3,3,2,31
Barranquilla,577367,73.6,1,2,4,27
Barranquilla,1028753,37.0,3,2,4,33
Bogotá,1800303,73.3,4,1,5,37
Manizales,1540088,69.3,1,2,3,31
Cali,1060539,25.5,3,2,1,38
Pereira,1060296,46.4,1,2,3,30
Medellín,1071345,83.9,2,1,2,37
Medellín,2030699,40.4,2,2,2,30
Pereira,1352774,50.7,2,2,4,25
Bucaramanga,1372016,69.2,3,2,1,37
Cali,1612113,75.7,3,2,4,29
Santa Marta,1295515,55.0,2,1,3,34
Cúcuta,1096383,48.0,3,2,3,27
Bucaramanga,1121460,88.4,4,1,1,31
Cúcuta,1171359,94.8,1,2,3,34
Cúcuta,1185111,79.6,4,1,1,27
Bucaramanga,1491051,61.7,1,1,6,29
Bogotá,1220778,43.8,3,1,4,31
Barranquilla,1493056,43.4,2,2,3,38
Cúcuta,1167713,70.5,1,1,2,27
Bucaramanga,1231454,68.4,2,2,5,37
Bucaramanga,400719,88.0,2,2,3,37
Cartagena,1566531,73.0,2,1,2,34
Bogotá,1338595,29.9,1,1,3,26
Manizales,1599204,81.0,2,1,5,30
Cartagena,300000,40.0,3,2,1,32
Cartagena,2035349,52.3,2,2,2,28
Pereira,1144164,65.0,1,1,5,33
Barranquilla,1643273,99.9,2,1,2,36
Bucaramanga,784037,122.2,1,2,2,36
Barranquilla,1445109,72.1,3,2,3,32
Cali,778633,56.3,3,2,5,31
Pereira,950492,70.7,2,2,3,38
Manizales,1965612,77.8,2,1,6,31
Barranquilla,1123727,53.6,3,1,4,27
Medellín,1286973,95.9,2,1,1,38
Cúcuta,1548027,64.6,3,1,6,30
Cali,1398272,70.0,2,1,3,37
Bogotá,1260167,73.3,3,1,2,37
Manizales,1345984,68.4,2,1,3,29
Cali,2161366,76.8,2,3,3,25
Cúcuta,1176952,47.7,4,2,1,35
Pereira,1280439,48.8,2,2,1,27
Cúcuta,1620261,38.0,2,2,3,37
Cartagena,1642210,68.8,1,1,4,36
Cúcuta,1674812,75.6,2,2,3,25
Cartagena,1455492,69.2,2,1,6,28
Pereira,742798,93.5,1,2,2,34
Santa Marta,1853372,59.9,1,1,2,27
Cartagena,741461,73.4,2,3,2,35
Bogotá,1321054,38.2,3,1,2,28
Cúcuta,898289,52.3,2,1,2,33
Cúcuta,1174344,73.9,1,3,4,27
Bogotá,1331504,77.0,3,1,5,36
Medellín,1328542,54.1,1,2,6,30
Bucaramanga,1368768,58.6,2,2,2,30
Santa Marta,1845484,29.6,1,2,5,31
Manizales,1381413,52.9,1,3,3,33
Cartagena,1102337,77.8,1,3,2,36
Bogotá,1585634,71.5,2,1,5,31
Pereira,1675788,70.0,1,2,3,38
Cartagena,708956,61.0,2,2,2,25
Bucaramanga,1438960,60.1,2,2,3,32
Pereira,1480469,46.8,2,1,2,29
Cali,1080974,74.0,2,2,4,33
Cúcuta,1750282,68.4,3,3,3,34
Cali,1139977,69.8,1,3,6,37
Cartagena,1250230,49.5,2,1,1,36
Bucaramanga,1130771,20.0,1,1,3,29
Santa Marta,1206231,81.9,1,1,3,29
Cartagena,761489,50.4,2,2,3,36
Bogotá,623979,42.7,2,2,3,36
Barranquilla,1837802,73.9,3,1,4,38
Cartagena,861215,52.2,2,1,5,26
Cúcuta,803443,81.2,4,1,5,36
Cúcuta,338643,72.3,1,1,4,35
Cartagena,944415,73.7,1,3,5,27
Pereira,670764,32.7,1,2,3,34
Barranquilla,1856806,84.2,1,1,4,33
Bogotá,1603926,65.2,2,2,3,31
Cartagena,924739,52.6,2,1,3,25
Pereira,2100974,62.9,1,3,3,27
Cúcuta,1592706,24.5,3,1,3,36
Cúcuta,1070067,68.2,3,1,2,26
Bucaramanga,300000,39.4,2,1,6,25
Cartagena,2116377,32.9,1,2,3,33
Barranquilla,644171,29.6,1,2,1,32
Medellín,541840,82.3,1,2,3,29
Barranquilla,1609028,47.4,1,1,1,35
Cúcuta,2175900,90.7,2,1,2,36
Cúcuta,1753709,49.3,1,1,2,26
Cali,1425563,25.9,2,2,3,25
Cúcuta,1437901,37.7,4,1,3,31
Bogotá,1541366,84.7,3,2,4,37
Manizales,1503571,56.9,3,2,4,35
Cartagena,1312476,49.0,1,2,3,35
Barranquilla,1241680,63.2,2,1,3,26
Manizales,1174962,70.0,2,1,3,25
Pereira,898414,82.3,1,1,4,26
Medellín,1087729,89.0,1,2,1,31
Bogotá,522817,52.8,3,2,1,31
Barranquilla,1160664,33.5,2,1,4,34
Manizales,804563,51.7,2,1,3,30
Medellín,758564,65.2,2,2,2,29
Cali,1271957,40.7,2,2,2,27
Bogotá,1756800,40.9,1,1,5,38
Bogotá,1567326,66.9,2,2,5,36
Cali,571799,59.0,1,1,4,27
Cartagena,804148,60.7,1,1,3,35
Cali,1576308,44.8,4,3,3,37
Bogotá,807005,55.4,2,2,6,36
Bogotá,1110146,41.5,3,2,6,33
Manizales,1420020,77.8,2,1,2,28
Cúcuta,812662,80.7,2,2,4,33
Medellín,1242150,23.1,1,1,2,28
Cali,666389,41.4,1,1,2,26
Medellín,959452,30.1,1,2,4,28
Cali,1327912,47.0,3,1,3,30
Pereira,562802,58.3,3,2,5,30
Bogotá,1376189,31.0,2,2,1,29
Cúcuta,1192144,41.6,2,1,3,25
Manizales,1420995,39.9,3,1,5,27
Cúcuta,1289565,64.1,1,1,5,29
Cúcuta,1745656,61.4,2,1,2,30
Cúcuta,1250089,45.6,2,2,3,38
Medellín,1028237,63.5,3,2,3,25
Cali,1248919,49.1,4,1,2,38
Santa Marta,1417319,54.6,1,1,6,38
Pereira,1219544,93.5,3,2,5,33
Barranquilla,1216236,86.8,3,2,2,38
Cúcuta,919203,34.0,1,1,2,27
Cartagena,934839,76.6,2,1,1,34
Medellín,638957,76.2,2,2,5,37
Manizales,1899830,37.0,4,1,2,27
Barranquilla,702454,76.4,1,1,3,35
Santa Marta,922837,90.8,3,2,3,26
Cartagena,912637,37.5,2,2,3,32
Santa Marta,1557969,41.6,3,2,1,37
Barranquilla,1082020,80.4,2,2,2,27
Cúcuta,1699096,65.4,2,2,5,30
Cartagena,930603,71.0,3,1,5,26
Santa Marta,1311597,66.8,3,1,4,31
Manizales,865861,67.8,3,1,1,37
Cali,2058059,33.5,1,1,3,28
Bogotá,724960,80.9,3,2,3,33
Cali,1323928,83.4,1,2,2,38
Barranquilla,1453510,55.4,2,3,5,34
Medellín,1365519,59.1,2,2,3,33
Bogotá,1125884,29.4,2,1,1,31
Pereira,1148071,70.3,2,1,5,36
Manizales,1217524,71.4,4,2,6,32
Pereira,1141199,58.8,1,2,1,27
Cartagena,1585551,82.5,3,2,3,35
Bogotá,2084209,53.3,2,2,3,29
Pereira,977003,71.3,1,2,3,26
Pereira,652078,39.6,1,2,2,34
Santa Marta,1164687,59.5,3,1,3,31
Cali,2231883,56.5,3,2,6,37
Santa Marta,878530,64.5,3,2,3,32
Bogotá,1855646,52.6,4,1,1,33
Bogotá,1871080,57.4,1,2,3,35
Barranquilla,978564,76.5,2,1,3,35
Santa Marta,1427593,51.3,3,3,5,31
Bucaramanga,1851358,27.9,2,1,3,34
Cali,1048348,95.0,2,2,2,34
Bogotá,1118567,87.6,2,1,2,37
Barranquilla,967327,34.2,2,2,4,32
Santa Marta,794097,73.8,2,1,2,36
Cali,940288,49.9,1,1,4,33
Santa Marta,710423,65.3,2,1,2,30
Pereira,1213633,65.9,2,3,3,36
Barranquilla,892010,55.3,2,1,3,36
Cali,1293514,44.3,1,1,5,34
Cúcuta,577641,46.2,3,2,5,26
Cartagena,1332352,41.7,1,2,2,26
Cartagena,1533411,43.4,2,3,3,28
Cali,402505,58.7,3,1,2,33
Santa Marta,1349622,45.7,2,2,3,31
Barranquilla,1691067,73.6,2,1,3,26
Cartagena,716143,89.7,3,1,5,32
Barranquilla,1869028,48.4,2,2,5,35
Cartagena,1367607,64.8,3,2,3,31
Pereira,917995,70.0,3,2,3,33
Santa Marta,1177692,69.4,2,1,5,32
Pereira,1423330,61.5,2,1,4,27
Cartagena,1230402,74.9,1,1,1,25
Cúcuta,1415502,69.6,2,3,3,26
Cúcuta,831730,35.2,2,1,3,38
Pereira,1267744,77.4,2,1,2,37
Cúcuta,634514,77.7,2,1,2,26
Cartagena,1155509,44.7,2,2,1,28
Cali,838436,60.8,1,1,3,30
Pereira,905788,73.7,2,3,2,28
Medellín,1694437,55.8,2,1,1,33
Santa Marta,1636524,81.5,3,2,2,28
Cúcuta,1443655,107.3,1,1,4,30
Cúcuta,763074,44.3,2,2,5,30
Bogotá,1073436,32.4,3,3,3,34
Bucaramanga,1685239,66.1,1,1,3,35
Pereira,1256686,74.4,2,3,6,34
Manizales,2127731,55.4,1,1,2,25
Cúcuta,1357327,89.1,2,3,2,32
Santa Marta,1276819,33.2,2,2,2,36
Medellín,1076353,73.9,2,1,2,27
Cúcuta,1253416,47.9,2,1,3,37
Medellín,1139012,94.4,3,1,5,30
Cartagena,1483243,99.9,1,1,3,27
Cartagena,1582680,44.7,1,1,3,35
Bucaramanga,885604,49.0,3,1,5,26
Cali,667506,77.2,2,1,1,29
Manizales,465517,52.3,3,2,2,38
Bogotá,1403196,59.1,2,1,3,25
Bucaramanga,758653,60.5,3,1,3,33
Barranquilla,338843,21.6,2,2,1,35
Bogotá,1355431,59.7,3,1,3,31
Pereira,2197199,46.2,3,1,3,27
Santa Marta,1197571,50.1,2,1,4,28
Barranquilla,1535396,88.9,1,3,3,37
Barranquilla,1232731,34.9,2,2,3,30
Bucaramanga,1160444,76.3,1,1,1,27
Cali,1567630,54.4,1,2,3,36
Bucaramanga,1083890,54.4,2,2,2,31
Pereira,1306956,75.8,2,2,5,37
Cúcuta,1328679,66.8,2,2,3,30
Cúcuta,932763,71.4,2,2,3,33
Cali,1596816,79.4,2,1,4,36
Pereira,1130016,53.4,1,1,3,29
Cali,897701,47.8,1,1,3,28
Medellín,1414603,38.3,1,2,4,27
Cúcuta,840612,43.5,2,2,5,34
Barranquilla,1211272,119.0,1,2,4,25
Manizales,1196352,84.9,2,3,1,27
Santa Marta,1634358,33.0,2,1,3,27
Pereira,1389879,33.6,3,2,4,31
Bogotá,1189989,69.6,1,2,2,31
Cali,1527106,70.9,2,3,2,37
Santa Marta,1756083,71.0,3,3,5,36
Bogotá,1423124,54.9,3,2,1,25
Santa Marta,1204141,57.5,3,1,4,27
Manizales,675265,66.6,1,2,3,37
Bogotá,773954,61.7,1,1,3,32
Bucaramanga,1077910,20.0,3,2,1,33
Cartagena,956195,55.4,2,3,4,31
Bucaramanga,1125211,43.0,2,1,3,31
Cúcuta,1222659,63.5,3,2,3,36
Cartagena,1411877,119.7,3,1,4,35
Bucaramanga,1171800,67.3,3,1,4,32
Cartagena,1394600,53.7,4,1,6,30
Cartagena,1225789,78.4,3,2,3,35
Barranquilla,409813,69.7,2,3,3,27
Cali,824265,68.4,3,3,6,25
Cali,1142364,72.1,1,1,3,31
Barranquilla,716122,101.1,1,2,2,25
Santa Marta,1439971,37.4,3,2,2,25
Medellín,1812300,69.5,2,1,4,33
Santa Marta,1687504,41.5,1,1,3,37
Bogotá,1114622,71.1,1,1,4,34
Bogotá,1796290,41.6,3,3,3,31
Cartagena,1259466,51.7,2,2,2,37
Bucaramanga,1065165,54.1,3,2,3,35
Bucaramanga,954638,79.5,1,1,1,37
Cali,1079012,78.4,3,2,3,28
Pereira,1044729,35.1,3,1,3,30
Santa Marta,1268166,61.1,2,1,3,25
Cúcuta,1264229,45.8,2,2,4,31
Manizales,1201218,34.8,1,1,4,36
Bucaramanga,1374775,55.7,4,2,4,30
Manizales,1676258,53.8,2,1,1,28
Cartagena,1579821,108.5,3,2,2,31
Manizales,606040,68.7,2,1,3,27
Cúcuta,300000,32.4,3,2,5,25
Barranquilla,1573727,48.7,3,1,4,28
Cúcuta,653248,80.4,3,1,4,27
Manizales,1110093,101.8,4,3,3,25
Cúcuta,731954,28.3,2,1,3,26
Medellín,479207,22.4,1,2,3,35
Cartagena,1416585,97.4,3,3,2,29
Santa Marta,1503662,67.8,3,1,1,32
Barranquilla,969395,42.6,2,1,5,25
Bucaramanga,300000,70.7,1,2,2,28
Bogotá,981502,20.0,2,3,2,38
Santa Marta,1356721,60.1,2,3,1,28
Bogotá,608435,66.6,2,2,5,29
Cartagena,1273343,78.5,2,2,3,31
Barranquilla,1193876,39.7,3,1,4,37
Cali,1431716,61.7,1,3,5,36
Bucaramanga,1247832,41.5,2,3,3,32
Medellín,810772,65.1,2,1,3,30
Cali,1678628,42.1,1,1,1,25
Cartagena,1136588,51.8,3,1,2,31
Santa Marta,1189078,40.1,3,1,4,27
Medellín,826692,73.0,2,2,4,37
Cúcuta,1022687,77.2,3,1,3,37
Manizales,846078,55.3,3,1,3,37
Medellín,1130821,60.8,3,1,3,30
Cartagena,1884683,31.0,1,3,1,32
Pereira,651239,54.0,4,2,2,31
Manizales,554575,59.0,2,1,2,34
Bogotá,1788468,112.4,2,1,2,30
Bucaramanga,1116270,37.8,1,3,4,33
Bogotá,932370,89.3,2,2,2,33
Medellín,1615961,79.9,1,1,2,25
Bogotá,957753,65.6,1,1,3,25
Cartagena,1930403,95.2,2,1,5,25
Cúcuta,1471170,67.4,3,1,2,32
Santa Marta,1004835,67.8,3,2,1,36
Bucaramanga,2062923,58.9,2,3,3,37
Bogotá,957714,84.5,3,1,4,38
Bogotá,1496838,81.9,3,2,3,36
Medellín,1319717,47.5,3,1,4,38
Santa Marta,1720696,33.6,1,2,6,34
Cali,1824604,55.9,3,2,4,31
Bogotá,1212801,44.0,3,1,3,27
Cartagena,898632,58.7,3,1,3,37
Pereira,1383988,84.7,2,2,1,26
Bucaramanga,928913,50.9,2,1,6,28
Bogotá,2005354,59.1,2,1,3,27
Cartagena,1254614,61.2,2,2,2,31
Cartagena,1053871,77.0,1,3,4,34
Bucaramanga,1273872,20.0,2,1,2,32
Cali,661149,47.9,3,2,3,30
Cartagena,811354,64.2,3,1,3,27
Pereira,1680165,84.0,1,2,3,30
Cartagena,937242,50.2,4,2,4,26
Cartagena,781235,22.5,2,2,2,36
Cartagena,1414661,72.4,3,1,3,31
Cúcuta,1674281,47.3,3,2,3,38
Cúcuta,1487581,36.2,3,2,4,35
Cali,1598419,47.5,3,1,4,34
Bogotá,897281,56.3,2,1,3,38
Cartagena,631275,47.9,3,1,3,31
Santa Marta,1800533,20.0,1,1,2,28
Bogotá,1070928,77.9,3,2,5,37
Cali,1099666,85.5,3,1,3,32
Barranquilla,1731277,73.0,3,1,4,28
Bogotá,1422492,37.2,2,2,1,31
Bogotá,1382355,56.0,3,1,2,28
Manizales,2066000,59.9,1,2,3,37
Medellín,942592,72.0,1,1,5,36
Manizales,1571136,73.4,3,3,3,29
Pereira,1222805,45.3,2,2,5,31
Cúcuta,1307436,61.6,3,2,3,37
Cúcuta,1811387,69.1,2,1,3,38
Medellín,1403134,89.1,1,2,2,38
Bucaramanga,1415318,74.1,3,1,4,37
Bucaramanga,1629002,75.8,2,1,2,34
Cali,1054018,61.7,1,1,5,27
Medellín,864316,88.2,3,2,5,34
Bogotá,782076,68.2,2,1,5,29
Bucaramanga,413457,42.8,2,2,3,35
Cartagena,2022482,88.1,2,1,4,38
Santa Marta,758716,74.0,3,1,4,27
Bogotá,1111498,51.1,3,2,2,29
Pereira,1089274,50.4,3,1,3,38
Cartagena,1322962,65.9,1,2,1,27
Cartagena,1526294,69.3,3,1,3,35
Medellín,1544189,63.9,3,2,2,34
Cali,966769,66.2,3,2,2,35
Pereira,1133151,94.0,2,1,3,31
Bucaramanga,1313031,81.4,3,1,3,37
Medellín,1100523,63.8,3,2,3,25
Bucaramanga,1842938,78.8,1,2,1,33
Medellín,1396389,39.3,2,1,3,33
Medellín,1493951,68.0,3,1,2,29
Medellín,1465152,96.2,1,2,3,33
Cali,1669389,55.6,4,2,3,34
Medellín,1272408,43.0,3,1,3,37
Barranquilla,681267,47.0,2,1,4,30
Santa Marta,1359875,38.2,2,1,3,29
Bucaramanga,939457,44.3,1,2,4,37
Bogotá,988553,52.6,3,1,3,27
Manizales,1434545,31.9,2,3,3,35
Pereira,1695313,60.3,3,1,3,35
Cúcuta,1208508,78.0,2,1,1,32
Cali,1323533,41.8,1,2,4,28
Bogotá,1880885,90.4,1,3,3,34
Cartagena,1296301,70.2,2,2,3,37
Barranquilla,2240673,80.6,4,1,1,37
Cúcuta,1426203,46.8,2,2,1,27
Manizales,495694,77.1,2,2,5,37
Bogotá,1501336,38.2,2,1,4,30
Cúcuta,1352463,77.8,2,1,2,32
Bogotá,1715901,63.4,2,1,3,37
Barranquilla,1469272,71.1,3,1,3,33
Manizales,1144617,36.5,2,3,4,38
Cartagena,710280,42.1,2,1,1,30
Medellín,1116390,71.9,1,3,2,29
Bucaramanga,859791,41.0,4,2,5,36
Cartagena,967790,69.3,1,2,1,35
Medellín,1435431,32.7,1,2,2,26
Cali,1867961,77.0,3,1,6,26
Santa Marta,1357868,35.3,2,1,3,33
Pereira,721646,71.0,2,1,2,26
Pereira,1377841,72.5,2,2,1,26
Bucaramanga,1678652,46.1,3,1,1,27
Manizales,956086,71.6,1,2,2,27
Barranquilla,1146393,65.2,3,1,5,28
Manizales,1205875,49.2,2,1,3,31
Barranquilla,886040,39.8,2,1,4,33
Manizales,1459312,20.7,2,3,5,26
Santa Marta,1151620,67.0,2,2,3,28
Cali,1367812,28.7,3,1,2,33
Cali,845003,61.9,2,2,3,38
Medellín,1025016,54.7,2,1,5,26
Cúcuta,1488952,73.6,2,3,4,34
Cali,1050866,54.0,4,2,1,35
Cali,1890785,53.4,2,1,4,37
Cartagena,1040145,74.6,3,2,3,25
Cartagena,1289873,66.7,2,1,5,34
Medellín,1573036,66.3,1,3,2,32
Cúcuta,632653,69.4,1,1,3,33
Bucaramanga,495676,29.3,2,2,5,31
Cartagena,589737,75.1,1,1,3,32
Bucaramanga,1705033,72.2,1,2,3,28
Bogotá,979256,39.7,3,2,1,28
Cartagena,2223279,55.1,3,2,2,37
Santa Marta,974300,59.2,3,2,3,26
Cúcuta,1273820,57.3,1,2,5,32
Medellín,1816843,66.7,1,1,2,35
Bogotá,2002437,88.6,1,1,3,26
Cúcuta,2024601,81.6,3,1,4,33
Santa Marta,1683346,33.8,3,3,2,38
Cúcuta,1609625,72.4,2,1,3,28
Santa Marta,1437010,86.6,1,2,4,25
Santa Marta,1511344,67.7,2,2,5,37
Bucaramanga,979525,81.8,2,1,3,28
Manizales,872720,100.2,2,1,4,27
Bogotá,1198650,80.5,2,1,2,36
Cúcuta,1131926,65.0,3,1,5,30
Barranquilla,1018708,80.9,1,1,2,31
Bogotá,1478554,62.9,1,1,4,32
Manizales,1582122,60.5,4,2,2,26
Bogotá,1235362,53.0,1,3,5,30
Cali,1791012,91.3,1,1,4,30
Barranquilla,743324,43.6,1,1,4,34
Manizales,1122536,90.6,1,1,2,36
Bucaramanga,913271,70.0,2,2,3,29
Cúcuta,453385,32.0,3,2,3,34
Pereira,1166927,67.4,2,1,4,34
Manizales,1151300,20.0,2,1,2,31
Medellín,1805379,72.5,3,2,6,27
Cúcuta,1452324,77.7,2,2,5,28
Manizales,790325,48.2,3,1,2,34
Cali,1941637,62.5,3,2,4,37
Pereira,1688413,99.1,1,1,3,33
Cali,1432839,49.9,3,1,3,28
Pereira,1109406,38.8,2,2,3,27
Medellín,816224,89.6,4,2,3,38
Cúcuta,1051117,99.3,2,1,4,26
Bucaramanga,1635499,60.1,4,3,3,29
Cali,1953834,80.2,3,1,3,28
Cali,1817297,86.8,1,2,4,37
Santa Marta,1004460,45.2,2,1,4,37
Pereira,752153,50.3,4,2,1,32
Cartagena,1256354,84.6,3,3,5,31
Cúcuta,492624,93.7,1,1,3,30
Pereira,1329267,71.3,3,3,2,35
Santa Marta,1140958,42.4,2,2,2,36
Bogotá,1013585,99.7,1,2,3,26
Pereira,562118,49.4,2,1,5,27
Bucaramanga,1405440,53.3,1,2,3,34
Cúcuta,986919,66.8,3,2,4,33
Santa Marta,732033,91.1,2,1,1,37
Bogotá,300000,77.1,3,3,3,33
Barranquilla,1188994,68.3,1,1,6,29
Santa Marta,1908900,69.3,2,1,4,38
Barranquilla,1864503,60.9,1,2,2,27
Cúcuta,1017161,71.2,1,2,3,26
Cali,959115,20.0,1,2,2,32
Santa Marta,1387509,54.1,1,1,3,30
Medellín,800645,64.8,2,3,4,34
Barranquilla,1320716,37.0,2,1,4,35
Bucaramanga,1506432,67.7,2,1,2,36
Medellín,1690773,55.9,2,1,5,31
Manizales,1159938,95.1,3,2,3,25
Manizales,1118530,91.5,3,3,3,25
Bogotá,848806,50.7,2,2,3,34
Cali,869247,57.0,2,2,3,26
Cúcuta,1109408,58.5,1,1,3,34
Santa Marta,1346946,51.0,4,2,3,27
Cartagena,1565433,63.9,1,1,3,36
Bucaramanga,878728,44.8,2,1,2,25
Barranquilla,1797075,37.4,2,1,4,38
Cúcuta,1091550,72.5,2,2,3,29
Medellín,1191453,72.6,1,2,2,27
Manizales,901115,43.9,3,2,4,25
Bucaramanga,300000,77.9,1,1,5,32
Cartagena,1553618,47.4,2,1,5,36
Santa Marta,1494737,65.1,1,2,3,35
Bogotá,1087468,76.4,1,1,2,30
Cartagena,1226796,59.3,3,2,3,33
Bucaramanga,1406375,69.1,1,2,2,27
Cartagena,574981,49.7,3,1,5,33
Bucaramanga,988378,56.1,2,3,2,33
Bucaramanga,1517705,55.9,1,2,2,36
Pereira,698284,45.1,4,1,3,37
Barranquilla,1317423,56.5,1,2,3,36
Manizales,657367,29.0,3,1,4,25
Pereira,1386571,50.2,1,2,3,27
Santa Marta,1185743,54.3,3,2,2,30
Pereira,553947,54.9,1,3,2,32
Cali,1665895,55.2,2,2,3,28
Cali,906163,58.8,3,1,2,29
Manizales,875899,69.6,3,2,3,33
Cartagena,1280227,77.5,3,1,3,30
Barranquilla,1659454,47.0,3,2,4,36
Manizales,793671,35.9,3,2,5,31
Bucaramanga,1224671,39.2,1,1,5,31
Medellín,1371526,50.3,2,1,5,28
Barranquilla,1477242,53.0,2,2,2,28
Barranquilla,1270576,44.6,2,2,2,28
Bucaramanga,1053188,34.1,2,1,3,38
Bucaramanga,868963,50.9,2,1,5,35
Bogotá,1234457,63.6,1,1,6,29
Manizales,771144,71.9,3,2,5,29
Bucaramanga,300000,48.9,1,1,2,32
Cali,1374623,51.7,2,2,5,33
Santa Marta,1561573,41.5,2,1,3,26
Medellín,300000,59.4,3,2,1,35
Manizales,796107,43.0,3,1,3,31
Cúcuta,1447661,71.5,2,2,1,25
Cali,2022998,24.3,1,1,3,25
Cartagena,1208317,52.8,2,2,3,28
Bucaramanga,908798,66.0,1,1,3,34
Cúcuta,1126841,63.7,2,2,3,31
Bucaramanga,1749950,113.9,2,2,5,26
Barranquilla,941614,67.0,1,1,4,35
Cali,880323,39.9,2,2,3,26
Barranquilla,1006902,58.1,4,2,4,25
Bogotá,818668,24.5,4,1,5,34
Barranquilla,1249068,58.4,2,1,2,26
Bogotá,1849871,43.3,1,1,3,37
Bogotá,1329231,78.3,1,2,2,31
Cúcuta,1099058,49.0,2,2,1,33
Bucaramanga,1083275,57.7,3,1,4,30
Cartagena,574723,47.3,1,2,5,34
Barranquilla,1553243,94.8,3,2,2,26
Cali,1168865,53.6,1,3,4,36
Bogotá,1127808,96.7,4,2,5,34
Bucaramanga,2477243,76.3,2,3,5,34
Medellín,1319501,69.6,3,2,2,37
Manizales,899283,67.4,2,1,5,33
Cúcuta,1029456,67.9,2,2,3,31
Cartagena,1659378,21.4,1,1,3,35
Pereira,1245308,54.4,1,1,1,25
Cúcuta,624688,76.9,3,1,1,36
Medellín,1567691,59.0,3,2,4,33
Manizales,932742,31.9,3,2,3,26
Medellín,1949319,59.0,2,1,2,28
Barranquilla,1632019,94.1,3,1,2,33
Bogotá,1021071,84.9,1,1,4,28
Cartagena,1712406,58.8,2,2,1,27
Santa Marta,1227142,79.0,2,1,4,25
Bogotá,1541109,52.7,2,2,1,31
Santa Marta,1393893,25.9,2,1,2,30
Manizales,861457,41.5,1,1,3,34
Bucaramanga,942580,91.3,2,1,3,28
Pereira,1611984,54.5,3,1,3,30
Cali,1066089,55.1,2,3,3,30
Bogotá,1038540,54.0,1,1,6,37
Cartagena,817950,98.1,1,1,3,28
Medellín,1369439,92.5,1,1,1,38
Cartagena,2025009,104.4,2,1,3,37
Manizales,772986,56.8,2,1,5,30
Santa Marta,1209687,65.9,2,1,3,34
Medellín,1764888,29.7,3,2,1,35
Cali,1168143,89.5,2,2,4,32
Cali,1380948,36.6,3,1,3,37
Bogotá,775042,64.3,1,1,3,27
Manizales,1371322,38.1,2,3,1,28
Bucaramanga,1125142,48.2,3,1,2,34
Manizales,1594291,43.3,1,1,3,37
Santa Marta,1674954,47.8,1,1,2,36
Cartagena,2235825,49.2,3,1,3,38
Cali,1431853,49.0,2,2,3,25
Cartagena,1330318,76.7,3,1,2,28
Cartagena,1277753,37.9,1,2,5,35
Cartagena,1058733,64.4,3,1,4,34
Cali,1335393,84.4,2,1,4,34
Cúcuta,1081839,49.7,1,2,1,36
Barranquilla,1267384,45.6,2,1,2,38
Santa Marta,1727039,55.4,1,2,3,33
Cúcuta,797382,83.6,2,1,2,32
Santa Marta,1655951,63.9,1,2,6,35
Medellín,1726846,49.4,1,1,2,28
Manizales,1152772,69.7,2,2,3,36
Manizales,351258,38.0,1,1,3,31
Pereira,956871,73.6,3,2,3,34
Manizales,1718797,68.2,1,1,2,27
Cali,1190852,53.8,2,2,3,33
Bucaramanga,800279,43.2,1,1,2,34
Bogotá,998090,42.3,2,3,5,28
Pereira,1536248,70.7,3,1,1,26
Bogotá,1418693,84.6,1,1,5,34
Santa Marta,1104427,47.3,4,1,4,29
Bogotá,1053270,69.2,1,1,2,26
Bogotá,1043296,20.0,3,1,4,38
Pereira,831035,48.3,2,3,1,34
Medellín,1846150,59.4,3,3,6,30
Cartagena,1071071,41.8,2,1,3,35
Manizales,1686863,41.3,2,3,3,34
Manizales,1808526,46.6,1,2,3,25
Cali,1599324,65.8,1,1,1,38
Pereira,1027351,56.3,3,2,6,30
Cali,1361492,20.0,2,2,1,28
Bucaramanga,1190321,20.0,2,3,4,27
Bucaramanga,838519,47.9,3,1,3,26
Cali,1329743,69.2,2,2,5,31
Pereira,728384,20.0,4,1,2,33
Cali,1675071,50.0,3,1,3,36
Manizales,1014153,49.5,2,1,3,27
Cúcuta,1280463,87.8,3,3,4,30
Barranquilla,1313315,52.3,1,2,1,33
Bogotá,1096438,67.7,2,2,2,26
Barranquilla,1434677,62.8,2,2,2,31
Pereira,1010038,20.0,1,1,4,29
Barranquilla,1548518,75.4,3,1,2,29
Bucaramanga,661608,64.3,3,1,3,35
Santa Marta,1250551,70.2,2,1,2,31
Bogotá,1975571,138.5,2,2,5,33
Cartagena,799867,20.0,4,2,5,28
Pereira,928902,94.5,2,1,3,33
Bogotá,1405563,54.3,2,1,3,38
Barranquilla,1271832,65.7,2,1,2,37
Bucaramanga,1340252,59.1,3,1,1,35
Medellín,1395674,51.5,2,3,2,34
Cúcuta,1453888,48.6,3,2,4,33
Cartagena,1643879,66.6,3,2,3,37
Cúcuta,1363927,29.7,2,1,5,28
Bogotá,1103496,75.0,2,1,3,27
Bucaramanga,1469029,51.7,3,1,4,26
Bucaramanga,1959952,37.4,2,2,3,33
Barranquilla,1146946,51.0,3,2,3,36
Manizales,810188,85.1,3,1,2,26
Barranquilla,1642832,49.3,2,2,3,30
Manizales,1151847,67.2,3,1,3,29
Manizales,330932,45.4,3,2,4,38
Cartagena,1538968,75.2,3,3,5,29
Barranquilla,985868,73.7,2,2,3,28
Medellín,1163786,97.0,1,2,1,30
Cali,1332792,56.5,2,1,3,29
Cali,1276199,73.4,3,1,3,35
Barranquilla,1483780,62.0,2,1,2,28
Barranquilla,1025805,85.9,3,1,4,37
Cúcuta,1405242,45.6,2,2,6,33
Cartagena,1096181,74.9,2,2,5,37
Barranquilla,1495524,56.1,1,1,2,30
Cúcuta,1446146,58.7,3,2,5,35
Manizales,825824,61.8,2,1,4,34
Bucaramanga,1634392,65.0,1,1,3,34
Bucaramanga,985614,57.7,2,1,3,37
Manizales,1523223,64.3,3,1,4,34
Pereira,1346914,91.6,2,1,3,37
Cúcuta,1935273,79.7,1,1,3,27
Cúcuta,1110613,77.4,4,1,3,34
Manizales,1060273,50.9,3,3,3,30
Medellín,1192232,42.2,4,1,2,38
Santa Marta,1078728,79.1,2,1,5,25
Bogotá,1519976,77.5,2,1,4,29
Manizales,553475,89.5,3,2,3,34
Barranquilla,778527,47.9,2,1,1,30
Barranquilla,772878,55.4,3,2,3,35
Cartagena,1580123,27.2,2,2,2,32
Manizales,1884245,52.2,2,2,1,35
Cartagena,1158220,79.9,1,2,3,33
Manizales,1132471,50.7,1,1,3,35
Cúcuta,1228020,72.8,1,1,3,27
Bogotá,1664751,56.2,1,1,1,26
Cúcuta,829058,66.5,4,2,3,37
Santa Marta,1295347,37.0,1,1,2,28
Bucaramanga,1590079,61.7,3,1,6,32
Cali,1400437,20.0,3,3,3,35
Manizales,1275832,56.3,2,1,4,32
Santa Marta,1600418,27.4,1,2,3,27
Bucaramanga,300000,84.1,3,2,1,28
Pereira,1471150,75.5,2,1,6,27
Bogotá,938369,69.3,3,1,2,34
Cartagena,467746,90.4,3,1,3,26
Cartagena,1404481,41.0,4,2,3,28
Cúcuta,1749463,94.9,2,2,1,30
Barranquilla,1145020,78.6,2,2,4,35
Bucaramanga,1581149,55.3,2,3,3,38
Pereira,1844911,82.7,1,2,2,35
Santa Marta,1725965,37.9,3,1,1,29
Bogotá,1855985,43.5,1,1,2,27
Bucaramanga,1496850,47.8,2,2,5,26
Pereira,1230173,49.4,3,1,4,33
Cali,559213,38.9,2,1,2,25
Manizales,1101575,84.5,2,2,1,33
Cartagena,862701,54.8,2,1,4,25
Santa Marta,2068377,67.1,3,3,3,38
Cartagena,1129645,48.6,2,2,3,31
Santa Marta,1249281,23.6,3,1,3,30
Cúcuta,1420594,65.4,1,3,2,31
Barranquilla,1217440,21.8,3,1,4,27
Santa Marta,1878020,58.6,3,1,6,38
Cartagena,950940,32.6,1,1,2,27
Cúcuta,1277842,99.7,2,1,3,37
Santa Marta,903011,78.2,1,1,3,35
Cali,671990,62.1,3,1,3,25
Barranquilla,955292,85.3,2,1,2,28
Santa Marta,1185185,43.1,2,1,4,36
Cúcuta,1028279,70.9,1,2,3,26
Bucaramanga,923031,64.0,1,2,3,34
Medellín,637473,65.3,1,1,3,32
Pereira,1166757,85.4,2,1,2,27
Medellín,598111,74.6,2,1,1,31
Medellín,1504022,65.8,3,1,4,31
Bogotá,1232975,26.9,3,2,2,36
Cali,616979,40.8,2,2,4,33
Bucaramanga,1076316,57.5,4,1,3,30
Manizales,899137,61.9,3,1,3,25
Santa Marta,1327669,37.4,3,1,3,32
Pereira,1736180,108.2,2,2,3,25
Barranquilla,449931,90.3,2,1,2,27
Bucaramanga,1246010,72.0,1,3,3,35
Cartagena,1135946,61.4,3,2,4,29
Manizales,1468536,55.8,1,1,4,32
Bogotá,1285278,41.0,2,2,2,33
Bogotá,899212,61.5,2,3,3,31
Bucaramanga,1072378,65.2,2,2,2,33
Cúcuta,881589,35.2,2,1,2,35
Medellín,1630402,66.7,1,1,1,27
Cartagena,1208524,56.9,2,2,5,37
Bogotá,1960476,21.8,2,2,2,29
Pereira,1175735,42.8,4,2,2,34
Bogotá,916637,51.7,3,2,2,32
Barranquilla,594514,97.8,3,2,2,36
Santa Marta,478744,71.1,3,3,3,25
Bogotá,566345,33.3,2,1,1,32
Barranquilla,1306850,69.7,1,2,2,31
Bucaramanga,1403490,29.1,3,2,3,25
Bucaramanga,567523,81.7,2,2,3,37
Manizales,1558015,50.6,2,2,4,37
Bogotá,1006775,58.1,2,1,3,34
Pereira,1258717,86.5,2,2,2,36
Bogotá,1844888,34.3,2,2,4,34
Pereira,1558735,32.1,2,1,2,36
Cali,1092587,48.3,1,1,3,30
Manizales,843523,80.8,3,1,3,25
Cali,339273,29.6,1,1,2,26
Bogotá,912338,20.0,1,1,3,29
Manizales,1115547,51.0,2,1,5,26
Cali,805128,71.0,3,2,6,38
Medellín,1147497,84.0,2,2,3,34
Bogotá,1230740,50.7,2,2,3,25
Cali,1110057,51.8,2,2,2,30
Medellín,939998,83.1,2,1,2,32
Medellín,1267461,22.6,3,1,3,32
Bucaramanga,1376776,52.2,3,2,3,37
Bogotá,763840,63.8,2,1,5,37
Medellín,1764372,69.0,2,3,3,32
Bucaramanga,1160564,49.8,3,2,3,35
Cali,1207539,60.7,1,2,3,30
Barranquilla,1483285,20.0,2,3,4,35
Bogotá,1293286,46.8,2,1,4,27
Manizales,1581254,69.1,3,1,3,25
Pereira,1314849,40.4,1,2,3,26
Pereira,955025,61.2,2,1,4,29
Cali,1344601,68.9,3,3,1,37
Cúcuta,742509,53.1,2,1,5,34
Cúcuta,1243423,63.4,1,2,3,29
Cali,1186708,40.7,4,2,3,34
Medellín,1116753,55.9,2,2,3,38
Bogotá,1148584,72.2,2,1,4,25
Pereira,447260,63.1,1,1,1,25
Pereira,980510,48.3,2,2,5,33
Medellín,1237137,64.5,2,1,3,26
Pereira,1263942,74.3,1,2,3,31
Manizales,788929,20.0,1,2,2,34
Bogotá,1706283,83.2,3,2,3,28
Santa Marta,853530,53.3,1,2,3,31
Pereira,1587782,68.5,1,1,3,32
Cali,1370877,83.9,2,2,4,29
Manizales,941509,32.6,3,2,3,37
Pereira,1910124,45.8,1,1,6,36
Manizales,722545,54.2,2,3,3,36
Bucaramanga,1567661,44.3,1,1,4,25
Santa Marta,1600232,94.7,1,1,2,28
Cartagena,931751,42.9,1,1,3,34
Cali,1756986,48.9,3,3,3,27
Cali,1099981,64.1,1,1,3,34
Bogotá,1315477,36.0,1,2,5,36
Manizales,1304128,52.1,2,2,1,29
Medellín,1146276,66.3,3,1,1,34
Cali,1524323,53.3,2,1,5,37
Manizales,1517395,58.1,2,2,2,34
Manizales,500587,49.4,1,1,4,37
Barranquilla,1721736,29.7,2,2,3,30
Barranquilla,535003,66.4,2,1,4,26
Cartagena,1613018,95.1,2,1,2,31
Bucaramanga,1650682,60.4,2,2,2,37
Cartagena,763613,64.5,2,1,3,27
Pereira,1035674,73.9,1,1,5,25
Medellín,757718,34.6,2,1,3,34
Pereira,1114031,94.1,1,1,3,27
Cúcuta,1076786,64.0,3,2,3,33
Pereira,1511864,92.6,4,2,5,34
Bogotá,1724123,45.3,4,1,4,35
Pereira,1758273,96.4,3,2,6,35
Cartagena,975132,75.5,2,2,1,30
Cali,1116311,71.1,3,1,2,35
Cali,526624,64.7,2,1,3,30
Barranquilla,877651,55.0,2,3,4,28
Medellín,1585940,84.0,2,2,2,32
Medellín,1846233,62.8,2,2,2,29
Bogotá,706260,20.7,3,2,4,31
Cartagena,963014,37.7,2,1,1,33
Barranquilla,1189437,56.3,2,2,3,37
Cúcuta,1312064,66.2,3,2,3,37
Medellín,876158,58.9,1,2,3,38
Cali,1369624,84.4,2,1,4,29
Pereira,1010464,21.0,3,1,3,35
Pereira,1194219,62.9,2,1,3,38
Barranquilla,1418513,23.6,2,3,3,29
Cartagena,1202568,75.2,1,1,3,38
Cartagena,1025445,58.1,2,1,3,28
Bucaramanga,1156156,68.4,3,1,2,30
Santa Marta,1164654,42.7,2,1,1,26
Medellín,1051995,85.6,2,2,2,27
Cartagena,1096481,80.8,1,2,2,25
Cali,1839458,71.7,1,2,3,26
Barranquilla,1424367,57.4,4,1,4,26
Cúcuta,1081807,71.6,2,2,4,32
Bucaramanga,1478781,45.9,2,1,4,32
Manizales,1066472,77.1,1,1,3,26
Bogotá,1669249,93.0,3,1,3,37
Cúcuta,1347856,81.4,3,1,3,38
Manizales,1157079,45.4,2,1,2,30
Pereira,1379086,67.2,1,2,1,29
Bogotá,571649,34.1,2,2,3,27
Medellín,749293,71.4,3,2,6,29
Cali,722429,69.0,2,1,2,29
Bogotá,1257177,22.6,3,1,1,29
Santa Marta,1893005,36.8,2,1,4,27
Manizales,2092520,54.3,3,3,2,27
Medellín,1455220,54.0,2,2,4,28
Santa Marta,1400337,35.8,1,2,4,31
Pereira,479576,67.8,2,1,5,36
Santa Marta,982930,65.0,1,2,3,36
Bucaramanga,884886,56.1,3,1,4,36
Bucaramanga,951660,44.9,3,2,3,38
Barranquilla,1132742,81.0,3,3,3,26
Cúcuta,1011163,93.1,2,3,3,34
Cúcuta,408280,50.3,1,2,2,28
Medellín,1499164,47.8,3,1,3,28
Pereira,770902,69.8,2,3,3,25
Cartagena,1295698,52.8,1,2,4,34
Bucaramanga,2029633,57.2,2,1,4,32
Medellín,832246,74.8,1,1,4,25
Cartagena,300000,21.8,2,1,2,32
Cúcuta,1085598,86.4,2,1,4,31
Barranquilla,1640383,61.5,1,1,3,33
Santa Marta,1983338,51.8,4,2,5,32
Bucaramanga,708180,58.2,1,1,5,29
Medellín,1398679,59.2,1,1,1,32
Bogotá,1013875,25.4,1,2,4,38
Cartagena,1157620,89.9,3,2,1,35
